order_id,origin_lng,origin_lat,reward_units,order_region
1374,114.2503392,22.3228725,23,1
11261,114.1696023,22.312611,67.191,3
7261,114.162032,22.3276994,39.0471,3
15667,113.995965,22.3720733,179.999,2
6889,114.1794695,22.2741581,37.319,5
162,114.2687391,22.4269819,29.055,4
4595,114.1354226,22.5025146,32.999,7
